Designator,Mid X,Mid Y,Layer,Rotation
U1,-13.000,0.000,bottom,180
DISP1,2.000,0.000,top,0
J3,-4.270,0.400,top,270
C4,-10.000,-6.000,top,0
R6,4.000,-20.500,top,0
Q1,10.000,-20.300,top,0
R7,9.000,-16.500,top,0
SW5,-33.000,0.000,top,45
SW1,34.000,8.000,top,90
SW2,34.000,-6.000,top,90
U2,-33.000,15.000,top,0
R1,-27.000,19.000,top,0
R2,-27.000,11.000,top,0
C1,-27.000,15.000,top,0
J2,28.000,20.000,bottom,90
C2,24.000,-16.000,top,0
U3,30.000,-17.500,top,0
R3,35.500,-17.500,top,90
C3,24.000,-20.500,top,0
D1,18.000,-20.500,top,0
SW6,-30.000,-19.494,top,0
LED1,-20.000,-20.000,top,180
R4,-16.000,-20.000,top,0
LED2,-8.000,-20.000,top,0
R5,-4.000,-20.000,top,0
