"Designator","Comment","Value","Footprint","JLCPCB Part #"
"J1","","C3151751","C3151751","C3151751"
"R1","5.1k","5.1k","res0603","C23186"
"U1","","C130462","C130462","C130462"
"C1","470n","470n","cap0603","C1623"
"C2","100n","100n","cap0603","C14663"
"R2","10k","10k","res0603","C25804"
"R3","4.7k","4.7k","res0603","C23162"
"R4","4.7k","4.7k","res0603","C23162"
"U2","","C1518769","C1518769","C1518769"
"C3","100n","100n","cap0603","C14663"
"LED1","","C12624","0603_color(green)","C12624"
"R5","1k","1k","res0603","C21190"
"LED2","","C965799","0603_color(blue)","C965799"
"R6","1k","1k","res0603","C21190"